Button,Label,Text Input,Dropdown,Checkbox,Shapes,Icons,HTML Text,Date Picker,Combo Box,Container,Gallery
BorderStyle,,Default,Default,Default,Fill,Icon,Color,DefaultDate,Items,BorderColor,Default
AutoDisableOnSelect,Color,Text,Items,Text,OnSelect,Rotation,,SelectedDate,DefaultSelectedItems,BorderStyle,Items
BorderColor,,AccessibleLabel,Value,Value,AccessibleLabel,Color,HtmlText,Format,SelectedItems,BorderThickness,Selected
BorderStyle,Text,Align,Selected,BorderColor,DisplayMode,Fill,,Language,Selected,Fill,AccessibleLabel
BorderThickness,DelayOutput,BorderColor,AllowEmptySelection,BorderStyle,FocusedBorderColor,OnSelect,BorderColor,AccessibleLabel,SelectMultiple,Height,AllItems
Color,Align,BorderStyle,AccessibleLabel,BorderThickness,FocusedBorderThickness,AccessibleLabel,BorderStyle,BorderColor,IsSearchable,Width,AllItemsCount
ContentLanguage,BorderColor,BorderThickness,BorderColor,CheckboxBackgroundFill,Height,DisplayMode,BorderThickness,BorderStyle,SearchFields,Visible,BorderColor
DisabledBorderColor,BorderStyle,Clear,BorderStyle,CheckboxBorderColor,HoverFill,FocusedBorderColor,DisplayMode,BorderThickness,AccessibleLabel,X,BorderStyle
Color,Align,BorderStyle,AccessibleLabel,BorderThickness,FocusedBorderColor,OnSelect,BorderThickness,BorderStyle,SearchFields,Visible,BorderColor
ContentLanguage,BorderColor,BorderThickness,BorderColor,CheckboxBackgroundFill,Height,DisplayMode,BorderThickness,BorderColor,DisplayFields,Visible,BorderColor
DisabledBorderColor,BorderStyle,Clear,BorderStyle,CheckboxBorderColor,HoverFill,FocusedBorderColor,DisplayMode,BorderStyle,AccessibleLabel,X,BorderStyle
DisabledColor,BorderThickness,Color,BorderThickness,CheckboxSize,PressedBorderColor,FocusedBorderThickness,DisabledBorderColor,Color,BorderColor,Y,BorderThickness
DisabledFill,DisplayMode,DelayOutput,,CheckmarkFill,PressedFill,Height,DisabledFill,,BorderStyle,,DelayItemLoading
DisplayMode,DisabledBorderColor,DisplayMode,,Color,,HoverFill,Fill,DisplayMode,BorderThickness,,DisplayMode
Fill,DisabledColor,DisabledBorderColor,Color,DisplayMode,Visible,PressedBorderColor,Height,DisabledBorderColor,DisplayMode,,Fill
FocusedBorderColor,DisabledFill,DisabledColor,DisplayMode,DisabledBorderColor,Width,PressedFill,HoverBorderColor,DisabledColor,FocusedBorderColor,,Height
FocusedBorderThickness,Fill,DisabledFill,DisabledBorderColor,DisabledColor,X,,OnSelect,DisabledFill,Height,,ItemAccessibleLabel
Height,FontWeight,FocusedBorderColor,Fill,FocusedBorderColor,,X,PaddingRight,FocusedBorderColor,InputTextPlaceholder,,NavigationStep
HoverBorderColor,Height,FocusedBorderThickness,FocusedBorderColor,FocusedBorderThickness,,Y,PaddingTop,FocusedBorderThickness,OnChange,,Selectable
HoverColor,HoverBorderColor,,FocusedBorderThickness,,,,,Size,,OnNavigate,,ShowNavigation
HoverFill,HoverColor,FontWeight,FocusedBorderColor,FontWeight,,,,FontWeight,OnSelect,,ShowScrollbar
Italic,HoverFill,Format,FontWeight,Height,,,Visible,Height,,,TemplateFill
OnSelect,Italic,Height,Height,HoverBorderColor,,,Width,IconFill,Visible,,TemplatePadding
PaddingBottom,LineHeight,HintText,HoverBorderColor,HoverColor,,,X,IconBackground,Width,,TemplateSize
PaddingLeft,Live,HoverBorderColor,HoverColor,HoverFill,,,Y,InputTextPlaceholder,X,,
PaddingRight,OnSelect,HoverColor,HoverFill,Italic,,,,IsEditable,Y,,Visible
PaddingTop,Overflow,HoverFill,Italic,OnCheck,,,,Italic,,,Width
Pressed,PaddingBottom,Italic,OnChange,OnSelect,,,,OnSelect,,,
PressedBorderColor,PaddingLeft,LineHeight,OnSelect,OnUncheck,,,,OnChange,,,X
PressedColor,PaddingRight,MaxLength,PaddingBottom,PaddingBottom,,,,PaddingBottom,,,Y
PressedFill,PaddingTop,Mode,PaddingLeft,PaddingLeft,,,,PaddingLeft,,,
RadiusBottomLeft,PressedBorderColor,OnChange,PaddingRight,PaddingRight,,,,PaddingRight,,,
RadiusBottomRight,PressedColor,OnSelect,PaddingTop,PaddingTop,,,,PaddingTop,,,
RadiusTopLeft,PressedFill,PaddingBottom,PressedBorderColor,PressedBorderColor,,,,Reset,,,
RadiusTopRight,Role,PaddingLeft,PressedColor,PressedColor,,,,Size,,,
Size,Size,PaddingRight,PressedFill,PressedFill,,,,StartOfWeek,,,
,,PressedBorderColor,SelectedText,,,,,,,,
,,PressedColor,SelectionColor,,,,,Visible,,,
,Underline,PressedFill,SelectionFill,,,,,Width,,,
Underline,VerticalAlign,RadiusBottomLeft,Size,,,,,X,,,
RadiusTopRight,,RadiusTopLeft,,Visible,,,,,,,
,,RadiusTopRight,,Visible,,,,,,,
Reset,X,Reset,Underline,Width,,,,,,,
Y,Y,Size,Visible,X,,,,,,,
,,Width,Y,,,,,,,
,,,X,,,,,,,,
,,,Y,,,,,,,,
,,Underline,,,,,,,,,
,,,,,,,,,,,
,,Visible,,,,,,,,,
,,Width,,,,,,,,,
,,X,,,,,,,,,
,,Y,,,,,,,,,